,fine_label,prediction,sent
10656,1,2,Even accepting this in the right frame of mind can only provide it with so much leniency .
10658,1,3,All the small moments and flashbacks do n't add up to much more than trite observations on the human condition .
10661,0,2,For dance completists only .
10662,0,3,"Spreads itself too thin , leaving these actors , as well as the members of the commune , short of profound characterizations"
10665,2,1,"Yo , it 's The Days Of Our Lives meets Electric Boogaloo ."
10666,0,1,"I liked the original short story but this movie , even at an hour and twenty-some minutes , it 's too long and it goes nowhere ."
10667,0,3,"This little film is so slovenly done , so primitive in technique , that it ca n't really be called animation ."
10668,0,1,Makes 98 minutes feel like three hours .
10671,1,3,Real-life strongman Ahola lacks the charisma and ability to carry the film on his admittedly broad shoulders .
10672,0,1,"The title , alone , should scare any sane person away ."
10675,0,1,It 's crap on a leash -- far too polite to scale the lunatic heights of Joe Dante 's similarly styled Gremlins .
10678,2,1,Let 's face it -- there are n't many reasons anyone would want to see Crossroads if they 're not big fans of teen pop kitten Britney Spears .
10681,0,1,"The movie is so resolutely cobbled together out of older movies that it even uses a totally unnecessary prologue , just because it seems obligatory ."
10682,1,3,The movie 's vision of a white American zealously spreading a Puritanical brand of Christianity to South Seas islanders is one only a true believer could relish .
10683,0,1,Maid in Manhattan proves that it 's easier to change the sheets than to change hackneyed concepts when it comes to dreaming up romantic comedies .
10685,2,1,I ca n't remember the last time I saw a movie where I wanted so badly for the protagonist to fail .
10689,1,3,"Forgettable , if good-hearted , movie ."
10690,1,4,The film 's most improbable feat ?
10691,2,1,It did n't go straight to video .
10692,0,3,... about as exciting to watch as two last-place basketball teams playing one another on the final day of the season .
10693,1,3,The Chateau ... is less concerned with cultural and political issues than doting on its eccentric characters .
10694,0,3,"Cruel and inhuman cinematic punishment ... simultaneously degrades its characters , its stars and its audience ."
10695,3,1,It 's not too fast and not too slow .
10696,2,1,It 's not too racy and it 's not too offensive .
10699,2,0,About as original as a gangster sweating bullets while worrying about a contract on his life .
10701,2,3,"We could have expected a little more human being , and a little less product ."
10703,2,1,Whether Quitting will prove absorbing to American audiences is debatable .
10704,0,1,Becomes a bit of a mishmash : a tearjerker that does n't and a thriller that wo n't .
10705,1,3,Family togetherness takes a back seat to inter-family rivalry and workplace ambition ... whole subplots have no explanation or even plot relevance .
10708,3,1,Two tedious acts light on great scares and a good surprise ending .
10710,0,3,The entire movie is in need of a scented bath .
10711,1,2,"I 'm sorry to say that this should seal the deal - Arnold is not , nor will he be , back ."
10712,0,3,"The story of Trouble Every Day ... is so sketchy it amounts to little more than preliminary notes for a science-fiction horror film , and the movie 's fragmentary narrative style makes piecing the story together frustrating difficult ."
10713,1,2,A Movie to Forget
10715,1,0,"Enough is not a bad movie , just mediocre ."
10716,0,1,"The performances are so overstated , the effect comes off as self-parody ."
10717,1,2,"It looks good , but it is essentially empty ."
10718,1,3,The film never finds its tone and several scenes run too long .
10722,1,3,Do we really need another film that praises female self-sacrifice ?
10724,2,3,Tennessee Williams by way of Oprah 's Book Club .
10725,2,1,So verbally flatfooted and so emotionally predictable or bland that it plays like the standard made-for-TV movie .
10726,1,3,"The entire point of a shaggy dog story , of course , is that it goes nowhere , and this is classic nowheresville in every sense ."
10728,1,3,This film is too busy hitting all of its assigned marks to take on any life of its own .
10730,2,1,The script feels as if it started to explore the obvious voyeuristic potential of ` hypertime ' but then backed off when the producers saw the grosses for Spy Kids .
10731,1,3,Starts off witty and sophisticated and you want to love it -- but filmmaker Yvan Attal quickly writes himself into a corner .
10732,1,3,Some Like It Hot on the Hardwood proves once again that a man in drag is not in and of himself funny .
10733,2,3,"Unfortunately , contrived plotting , stereotyped characters and Woo 's over-the-top instincts as a director undermine the moral dilemma at the movie 's heart ."
10734,1,0,Witless and utterly pointless .
10736,2,1,Show me the mugging .
10737,2,3,Represents something very close to the nadir of the thriller\/horror genre .
10738,2,0,Visually sumptuous but intellectually stultifying .
10739,1,2,"As a feature-length film , it wears out its welcome as tryingly as the title character ."
10740,2,3,"A guilty pleasure at best , and not worth seeing unless you want to laugh at it ."
10743,0,2,It 's just rather leaden and dull .
10747,2,3,Initial strangeness inexorably gives way to rote sentimentality and mystical tenderness becomes narrative expedience .
10748,2,3,"De Ayala is required to supply too much of the energy in a film that is , overall , far too staid for its subject matter ."
10749,0,1,Dismally dull sci-fi comedy .
10750,0,1,There 's surely something wrong with a comedy where the only belly laughs come from the selection of outtakes tacked onto the end credits .
10751,3,4,"When one hears Harry Shearer is going to make his debut as a film director , one would hope for the best"
10752,1,3,The leads we are given here are simply too bland to be interesting .
10757,0,1,"Even a hardened voyeur would require the patience of Job to get through this interminable , shapeless documentary about the swinging subculture ."
10759,1,3,A singularly off-putting romantic comedy .
10760,1,3,This is an exercise not in biography but in hero worship .
10761,1,2,It all comes down to whether you can tolerate Leon Barlow .
10762,2,1,I ca n't .
10763,1,3,"In the spirit of the season , I assign one bright shining star to Roberto Benigni 's Pinocchio -- but I guarantee that no wise men will be following after it ."
10765,2,3,The movie does has some entertainment value - how much depends on how well you like Chris Rock .
10766,2,1,A movie that seems motivated more by a desire to match mortarboards with Dead Poets Society and Good Will Hunting than by its own story .
10767,1,3,A culture clash comedy only half as clever as it thinks it is .
10768,0,3,The logic of it all will be Greek to anyone not predisposed to the movie 's rude and crude humor .
10769,2,1,"As self-aware movies go , Who is Cletis Tout ?"
10770,2,1,"is clever enough , though thin writing proves its undoing ."
10771,0,3,"Starts out strongly before quickly losing its focus , point and purpose in a mess of mixed messages , over-blown drama and Bruce Willis with a scar ."
10772,1,3,"... a fascinating curiosity piece -- fascinating , that is , for about ten minutes ."
10773,0,3,After that it becomes long and tedious like a classroom play in a college history course .
10774,0,1,Director Jay Russell weighs down his capricious fairy-tale with heavy sentiment and lightweight meaning .
10775,2,3,"There are many things that solid acting can do for a movie , but crafting something promising from a mediocre screenplay is not one of them ."
10777,0,1,"At times , it actually hurts to watch ."
10781,0,1,"The movie is the equivalent of French hip-hop , which also seems to play on a 10-year delay ."
10782,1,3,"A beyond-lame satire , Teddy Bears ' Picnic ranks among the most pitiful directing debuts by an esteemed writer-actor ."
10784,2,3,Hollywood 's answer to an air ball .
10788,1,2,But it does n't leave you with much .
10790,1,3,"Like Mike is a slight and uninventive movie : Like the exalted Michael Jordan referred to in the title , many can aspire but none can equal ."
10791,0,1,There is nothing funny in this every-joke-has - been-told-a - thousand-times - before movie .
10792,3,4,Always destined to be measured against Anthony Asquith 's acclaimed 1952 screen adaptation .
10793,0,1,This is standard crime drama fare ... instantly forgettable and thoroughly dull .
10795,2,3,"One of those based-on-truth stories that persuades you , with every scene , that it could never really have happened this way ."
10796,1,3,"From its nauseating spinning credits sequence to a very talented but underutilized supporting cast , Bartleby squanders as much as it gives out ."
10797,1,2,"Yet another genre exercise , Gangster No. 1 is as generic as its title ."
10798,2,1,"Despite the holes in the story and the somewhat predictable plot , moments of the movie caused me to jump in my chair ..."
10799,1,3,"There 's an admirable rigor to Jimmy 's relentless anger , and to the script 's refusal of a happy ending , but as those monologues stretch on and on , you realize there 's no place for this story to go but down ."
10800,2,1,"Once again , the intelligence of gay audiences has been grossly underestimated , and a meaty plot and well-developed characters have been sacrificed for skin and flash that barely fizzle ."
10801,1,3,"A lightweight , uneven action comedy that freely mingles French , Japanese and Hollywood cultures ."
10802,1,3,"Such a fine idea for a film , and such a stultifying , lifeless execution ."
10806,0,2,Rarely has sex on screen been so aggressively anti-erotic .
10809,1,3,A disappointment for a movie that should have been the ultimate IMAX trip .
10810,2,1,Does little to elaborate the conceit of setting this blood-soaked tragedy of murderous ambition in the era of Richard Nixon .
10814,0,1,It 's as if a bored Cage spent the duration of the film 's shooting schedule waiting to scream : `` Got AIDS yet ? ''
10815,2,3,"In a strange way , Egoyan has done too much ."
10816,2,1,He 's worked too hard on this movie .
10818,2,3,The last three narcissists left on earth compete for each others ' affections .
10819,1,3,"A clash between the artificial structure of the story and the more contemporary , naturalistic tone of the film ..."
10822,0,1,The script was reportedly rewritten a dozen times -- either 11 times too many or else too few .
10824,1,3,"To the filmmakers , Ivan is a prince of a fellow , but he comes across as shallow and glib though not mean-spirited , and there 's no indication that he 's been responsible for putting together any movies of particular value or merit ."
10825,0,3,"This is a movie filled with unlikable , spiteful idiots ; whether or not their friendship is salvaged makes no difference in the least ."
10826,1,2,"It 's as if Allen , at 66 , has stopped challenging himself ."
10828,1,3,A movie that the less charitable might describe as a castrated cross between Highlander and Lolita .
10831,2,1,It 's deep-sixed by a compulsion to catalog every bodily fluids gag in There 's Something About Mary and devise a parallel clone-gag .
10832,0,1,The film rehashes several old themes and is capped with pointless extremes -- it 's insanely violent and very graphic .
10833,0,1,"Sorority Boys , which is as bad at it is cruel , takes every potential laugh and stiletto-stomps the life out of it ."
10834,1,2,Here the love scenes all end in someone screaming .
10836,2,1,This is the first film I 've ever seen that had no obvious directing involved .
10837,2,1,Fans of so-bad-they 're - good cinema may find some fun in this jumbled mess .
10838,2,3,Weiss and Speck never make a convincing case for the relevance of these two 20th-century footnotes .
10839,0,1,"Sheridan is painfully bad , a fourth-rate Jim Carrey who does n't understand the difference between dumb fun and just plain dumb ."
10840,1,2,"Presents nothing special and , until the final act , nothing overtly disagreeable ."
10842,0,1,Was that movie nothing more than a tepid exercise in trotting out a formula that worked five years ago but has since lost its fizz ?
10843,0,1,It goes on for too long and bogs down in a surfeit of characters and unnecessary subplots .
10847,0,1,"` In this poor remake of such a well loved classic , Parker exposes the limitations of his skill and the basic flaws in his vision . '"
10848,2,1,It 's the movie equivalent of a sweaty old guy in a rain coat shopping for cheap porn .
10851,0,1,"I found it slow , predictable and not very amusing ."
10853,0,1,Viewers will need all the luck they can muster just figuring out who 's who in this pretentious mess .
10854,2,3,"A pint-sized ` Goodfellas ' designed to appeal to the younger set , it 's not a very good movie in any objective sense , but it does mostly hold one 's interest ."
10855,0,2,Get out your pooper-scoopers .
10856,3,1,"While the material is slight , the movie is better than you might think ."
10859,1,3,"More busy than exciting , more frantic than involving , more chaotic than entertaining ."
10860,2,4,There are more shots of children smiling for the camera than typical documentary footage which hurts the overall impact of the film .
10861,1,3,It 's makes a better travelogue than movie .
10862,1,3,"It 's as if Solondz had two ideas for two movies , could n't really figure out how to flesh either out , so he just slopped ` em together here ."
10863,2,1,The fourth in a series that I 'll bet most parents had thought -- hoped !
10864,2,1,-- was a fad that had long since vanished .
10866,1,3,"Its premise is smart , but the execution is pretty weary ."
10867,1,3,The holiday message of the 37-minute Santa vs. the Snowman leaves a lot to be desired .
10868,3,2,more precious than perspicacious
10871,0,3,"If this is cinema , I pledge allegiance to Cagney and Lacey ."
10874,2,3,Most of the characters come off as pantomimesque sterotypes .
10877,2,1,It 's actually too sincere -- the crime movie equivalent of a chick flick .
10878,2,3,Most of the film feels conceived and shot on the fly -- like between lunch breaks for Shearer 's radio show and his Simpson voice-overs .
10879,1,3,"Perry 's good and his is an interesting character , but `` Serving Sara '' has n't much more to serve than silly fluff ."
10880,2,4,Nor is it a romantic comedy .
10881,2,1,Culkin turns his character into what is basically an anti-Harry Potter -- right down to the Gryffindor scarf .
10885,1,3,"Right now , they 're merely signposts marking the slow , lingering death of imagination ."
10888,0,1,It appears as if even the filmmakers did n't know what kind of movie they were making .
10889,0,1,"Beneath the uncanny , inevitable and seemingly shrewd facade of movie-biz farce ... lies a plot cobbled together from largely flat and uncreative moments ."
10890,2,1,Snipes relies too much on a scorchingly plotted dramatic scenario for its own good .
10891,1,3,"Piccoli 's performance is amazing , yes , but the symbols of loss and denial and life-at-arm 's - length in the film seem irritatingly transparent ."
10892,0,1,"Starts out mediocre , spirals downward , and thuds to the bottom of the pool with an utterly incompetent conclusion ."
10895,2,1,"The result is good gossip , entertainingly delivered , yet with a distinctly musty odour , its expiry date long gone ."
10896,1,3,A sustained fest of self-congratulation between actor and director that leaves scant place for the viewer .
10897,2,1,All Analyze That proves is that there is really only one movie 's worth of decent gags to be gleaned from the premise .
10899,0,3,There 's not a comedic moment in this romantic comedy .
10901,2,3,"Wallace directs with such patronising reverence , it turns the stomach ."
10903,0,1,Poor Ben Bratt could n't find stardom if MapQuest emailed him point-to-point driving directions .
10907,0,2,"An empty , purposeless exercise ."
10908,2,3,Earnest and tentative even when it aims to shock .
10914,2,3,"Ultimately , Jane learns her place as a girl , softens up and loses some of the intensity that made her an interesting character to begin with ."
10917,2,3,"Feels like nothing quite so much as a middle-aged moviemaker 's attempt to surround himself with beautiful , half-naked women ."
10918,2,1,"When the precise nature of Matthew 's predicament finally comes into sharp focus , the revelation fails to justify the build-up ."
10919,0,1,"This picture is murder by numbers , and as easy to be bored by as your ABC 's , despite a few whopping shootouts ."
10920,2,1,Hilarious musical comedy though stymied by accents thick as mud .
10921,3,1,"If you are into splatter movies , then you will probably have a reasonably good time with The Salton Sea ."
10922,0,3,"A dull , simple-minded and stereotypical tale of drugs , death and mind-numbing indifference on the inner-city streets ."
10923,1,2,The feature-length stretch ... strains the show 's concept .
10925,2,3,A film that will probably please people already fascinated by Behan but leave everyone else yawning with admiration .
10926,2,3,"Davis the performer is plenty fetching enough , but she needs to shake up the mix , and work in something that does n't feel like a half-baked stand-up routine ."
10927,1,2,The densest distillation of Roberts ' movies ever made .
10929,1,3,A handsome but unfulfilling suspense drama more suited to a quiet evening on PBS than a night out at an AMC .
10930,2,1,"Tom Green and an Ivy League college should never appear together on a marquee , especially when the payoff is an unschooled comedy like Stealing Harvard , which fails to keep 80 minutes from seeming like 800 ."
10932,0,1,Master of Disguise runs for only 71 minutes and feels like three hours .
10933,1,3,A reworking of Die Hard and Cliffhanger but it 's nowhere near as exciting as either .
10934,0,3,Suffers from unlikable characters and a self-conscious sense of its own quirky hipness .
10935,1,3,A film without surprise geared toward maximum comfort and familiarity .
10939,1,3,"It stars schticky Chris Rock and stolid Anthony Hopkins , who seem barely in the same movie ."
10940,1,3,Their contrast is neither dramatic nor comic -- it 's just a weird fizzle .
10942,4,3,"It 's packed with adventure and a worthwhile environmental message , so it 's great for the kids ."
10943,2,1,"Parents , on the other hand , will be ahead of the plot at all times , and there is n't enough clever innuendo to fil"
10944,2,1,The niftiest trick perpetrated by The Importance of Being Earnest is the alchemical transmogrification of Wilde into Austen -- and a Hollywood-ized Austen at that .
10945,0,3,"Tykwer 's surface flash is n't just a poor fit with Kieslowski 's lyrical pessimism ; it completely contradicts everything Kieslowski 's work aspired to , including the condition of art ."
10946,2,1,"Ice Age is the first computer-generated feature cartoon to feel like other movies , and that makes for some glacial pacing early on ."
10949,0,3,"What ensues are much blood-splattering , mass drug-induced bowel evacuations , and none-too-funny commentary on the cultural distinctions between Americans and Brits ."
10950,1,3,A dark comedy that goes for sick and demented humor simply to do so .
10952,2,4,Visually exciting sci-fi film which suffers from a lackluster screenplay .
10955,1,3,"Sandra Bullock and Hugh Grant make a great team , but this predictable romantic comedy should get a pink slip ."
10956,1,3,"Allegiance to Chekhov , which director Michael Cacoyannis displays with somber earnestness in the new adaptation of The Cherry Orchard , is a particularly vexing handicap ."
10959,1,3,"The dramatic scenes are frequently unintentionally funny , and the action sequences -- clearly the main event -- are surprisingly uninvolving ."
10961,0,4,"Of all the Halloween 's , this is the most visually unappealing ."
10965,0,1,Attal pushes too hard to make this a comedy or serious drama .
10968,2,1,"It 's not a bad plot ; but , unfortunately , the movie is nowhere near as refined as all the classic dramas it borrows from ."
10973,2,3,"Unfortunately , neither Sendak nor the directors are particularly engaging or articulate ."
10974,0,1,"A wishy-washy melodramatic movie that shows us plenty of sturm und drung , but explains its characters ' decisions only unsatisfactorily ."
10975,2,4,Bang !
10977,2,1,"It 's actually pretty funny , but in all the wrong places ."
10978,1,3,Lurid and less than lucid work .
10979,1,3,A wannabe comedy of manners about a brainy prep-school kid with a Mrs. Robinson complex founders on its own preciousness -- and squanders its beautiful women .
10980,2,1,"At a brief 42 minutes , we need more X and less blab ."
10981,3,2,"If anything , see it for Karen Black , who camps up a storm as a fringe feminist conspiracy theorist named Dirty Dick ."
10982,0,1,This 90-minute dud could pass for Mike Tyson 's E !
10984,0,1,"This is surely one of the most frantic , virulent and foul-natured Christmas season pics ever delivered by a Hollywood studio ."
10985,0,1,"Once the expectation of laughter has been quashed by whatever obscenity is at hand , even the funniest idea is n't funny ."
10987,1,3,"The connected stories of Breitbart and Hanussen are actually fascinating , but the filmmaking in Invincible is such that the movie does not do them justice ."
10988,0,3,"A depressingly retrograde , ` post-feminist ' romantic comedy that takes an astonishingly condescending attitude toward women ."
10991,3,1,"Just bring on the Battle Bots , please !"
10992,1,3,"While it 's all quite tasteful to look at , the attention process tends to do a little fleeing of its own ."
10994,2,1,"Yes they can swim , the title is merely Anne-Sophie Birot 's off-handed way of saying girls find adolescence difficult to wade through ."
10996,2,1,"Slow , silly and unintentionally hilarious ."
10997,0,3,The Sweetest Thing leaves a bitter taste .
10998,0,1,"In a big corner office in Hell , Satan is throwing up his hands in surrender , is firing his R&D people , and has decided he will just screen The Master of Disguise 24\/7 ."
11000,0,4,A thriller without a lot of thrills .
11001,0,1,This stuck pig of a movie flails limply between bizarre comedy and pallid horror .
11003,2,4,"Alas , another breathless movie about same !"
11004,2,1,"In Moonlight Mile , no one gets shut out of the hug cycle ."
11006,0,1,Done in mostly by a weak script that ca n't support the epic treatment .
11007,1,3,"Despite its visual virtuosity , ` Naqoyqatsi ' is banal in its message and the choice of material to convey it ."
11008,1,3,Slap her - she 's not funny !
11009,0,1,"No French people were harmed during the making of this movie , but they were insulted and the audience was put through torture for an hour and a half ."
11010,3,1,"Though its rather routine script is loaded with familiar situations , the movie has a cinematic fluidity and sense of intelligence that makes it work more than it probably should ."
11011,1,2,`` One look at a girl in tight pants and big tits and you turn stupid ? ''
11014,2,1,Strident and inelegant in its ` message-movie ' posturing .
11015,4,3,One regards Reign of Fire with awe .
11016,2,3,What a vast enterprise has been marshaled in the service of such a minute idea .
11017,2,1,"It has the right approach and the right opening premise , but it lacks the zest and it goes for a plot twist instead of trusting the material ."
11018,1,0,"Its impressive images of crematorium chimney fires and stacks of dead bodies are undermined by the movie 's presentation , which is way too stagy ."
11020,2,1,The plot is romantic comedy boilerplate from start to finish .
11022,0,3,An unfortunate title for a film that has nothing endearing about it .
11024,1,2,"can be as tiresome as 9 seconds of Jesse Helms ' anti- Castro rhetoric , which are included"
11025,0,1,"Comes off as a long , laborious whine , the bellyaching of a paranoid and unlikable man ."
11026,1,3,"It just goes to show , an intelligent person is n't necessarily an admirable storyteller ."
11027,2,1,"In a 102-minute film , Aaliyah gets at most 20 minutes of screen time ."
11028,1,2,... most viewers will wish there had been more of the `` Queen '' and less of the `` Damned . ''
11029,0,1,"Hopelessly inane , humorless and under-inspired ."
11032,2,3,"None of this has the suavity or classical familiarity of Bond , but much of it is good for a laugh ."
11038,2,3,"Director Kevin Bray excels in breaking glass and marking off the `` Miami Vice '' checklist of power boats , Latin music and dog tracks ."
11040,2,1,"In gleefully , thumpingly hyperbolic terms , it covers just about every cliche in the compendium about crass , jaded movie types and the phony baloney movie biz ."
11041,2,1,The Spalding Gray equivalent of a teen gross-out comedy .
11042,1,3,Perhaps even the SLC high command found writer-director Mitch Davis 's wall of kitsch hard going .
11044,3,2,An encouraging effort from McCrudden
11045,1,3,The romance between the leads is n't as compelling or as believable as it should be .
11046,0,1,"If I could have looked into my future and saw how bad this movie was , I would go back and choose to skip it ."
11048,1,3,Supposedly authentic account of a historical event that 's far too tragic to merit such superficial treatment .
11049,1,3,"Adroit but finally a trifle flat , Mad Love does n't galvanize its outrage the way , say , Jane Campion might have done , but at least it possesses some ."
11050,1,2,To Blandly Go Where We Went 8 Movies Ago ...
11052,1,2,This u-boat does n't have a captain .
11054,0,1,This one aims for the toilet and scores a direct hit .
11055,0,3,"Dull , a road-trip movie that 's surprisingly short of both adventure and song ."
11056,1,2,"I walked away not really know who `` they '' were , what `` they '' looked like ."
11057,1,2,"Why `` they '' were here and what `` they '' wanted and quite honestly , I did n't care ."
11058,0,1,"After several scenes of this tacky nonsense , you 'll be wistful for the testosterone-charged wizardry of Jerry Bruckheimer productions , especially because Half Past Dead is like The Rock on a Wal-Mart budget ."
11059,2,1,"A relatively effective little potboiler until its absurd , contrived , overblown , and entirely implausible finale ."
11060,0,1,The Country Bears wastes an exceptionally good idea .
11061,0,3,But the movie that does n't really deliver for country music fans or for family audiences
11062,2,1,Adults will certainly want to spend their time in the theater thinking up grocery lists and ways to tell their kids how not to act like Pinocchio .
11063,1,3,"As for children , they wo n't enjoy the movie at all ."
11064,0,1,... you can be forgiven for realizing that you 've spent the past 20 minutes looking at your watch and waiting for Frida to just die already .
11066,2,1,It 's lazy for a movie to avoid solving one problem by trying to distract us with the solution to another .
11067,1,3,"The movie is genial but never inspired , and little about it will stay with you ."
11068,2,1,"The movie obviously seeks to re-create the excitement of such '50s flicks as Jules Verne 's ' 20,000 Leagues Under the Sea ' and the George Pal version of H.G. Wells ' ` The Time Machine . '"
11069,1,3,But its storytelling prowess and special effects are both listless .
11070,1,3,"Despite the opulent lushness of every scene , the characters never seem to match the power of their surroundings ."
11075,2,3,"The movie strains to stay on the light , comic side of the issue , despite the difficulty of doing so when dealing with the destruction of property and , potentially , of life itself ."
11076,0,1,The Master of Disguise is awful .
11077,0,1,It 's Pauly Shore awful .
11078,1,2,Do n't say you were n't warned .
11080,2,0,The entire movie is filled with deja vu moments .
11083,1,0,"An ugly , revolting movie ."
11084,1,2,The film is way too full of itself ; it 's stuffy and pretentious in a give-me-an-Oscar kind of way .
11085,0,1,"The movie is concocted and carried out by folks worthy of scorn , and the nicest thing I can say is that I ca n't remember a single name responsible for it ."
11087,0,2,You ca n't believe anyone would really buy this stuff .
11088,2,4,"Certainly beautiful to look at , but its not very informative about its titular character and no more challenging than your average television biopic ."
11089,0,1,"It desperately wants to be a wacky , screwball comedy , but the most screwy thing here is how so many talented people were convinced to waste their time ."
11091,0,1,"From the choppy editing to the annoying score to ` special effects ' by way of replacing objects in a character 's hands below the camera line , `` Besotted '' is misbegotten"
11093,2,3,"A film that presents an interesting , even sexy premise then ruins itself with too many contrivances and goofy situations ."
11094,1,3,"Filled with low-brow humor , gratuitous violence and a disturbing disregard for life ."
11095,2,3,"directed in a flashy , empty sub-music video style by a director so self-possessed he actually adds a period to his first name"
11096,2,3,"The 70-year-old Godard has become , to judge from In Praise of Love , the sort of bitter old crank who sits behind his light meter and harangues the supposed injustices of the artistic world-at-large without doing all that much to correct them ."
11098,1,3,"Solondz is without doubt an artist of uncompromising vision , but that vision is beginning to feel , if not morally bankrupt , at least terribly monotonous ."
11099,2,1,"Harvard Man is a semi-throwback , a reminiscence without nostalgia or sentimentality ."
11100,2,1,"Supposedly based upon real , or at least soberly reported incidents , the film ends with a large human tragedy ."
11101,0,1,"Alas , getting there is not even half the interest ."
11102,2,3,"While Hoffman 's performance is great , the subject matter goes nowhere ."
11103,2,1,"The smash 'em - up , crash 'em - up , shoot 'em - up ending comes out of nowhere substituting mayhem for suspense ."
11108,1,3,Novak contemplates a heartland so overwhelmed by its lack of purpose that it seeks excitement in manufactured high drama .
11110,0,3,"The film is all over the place , really ."
11111,1,3,"It dabbles all around , never gaining much momentum ."
11112,2,3,"The beautiful , unusual music is this film 's chief draw , but its dreaminess may lull you to sleep ."
11114,0,1,"Forages for audience sympathy like a temperamental child begging for attention , giving audiences no reason to truly care for its decrepit freaks beyond the promise of a reprieve from their incessant whining ."
11117,0,1,Burns ' fifth beer-soaked film feels in almost every possible way -- from the writing and direction to the soggy performances -- tossed off .
11118,1,3,"While this one gets off with a good natured warning , future Lizard endeavors will need to adhere more closely to the laws of laughter"
11119,0,1,Another boorish movie from the I-heard-a-joke - at-a-frat-party school of screenwriting .
11121,0,1,It 's hard to understand why anyone in his right mind would even think to make the attraction a movie .
11122,0,2,And it 's harder still to believe that anyone in his right mind would want to see the it .
11123,1,3,"The ethos of the Chelsea Hotel may shape Hawke 's artistic aspirations , but he has n't yet coordinated his own DV poetry with the Beat he hears in his soul ."
11124,2,3,"The sight of the name Bruce Willis brings to mind images of a violent battlefield action picture , but the film has a lot more on its mind -- maybe too much ."
11125,0,1,"Why sit through a crummy , wannabe-hip crime comedy that refers incessantly to old movies , when you could just rent those movies instead , let alone seek out a respectable new one ?"
11126,0,1,"The obnoxious special effects , the obligatory outbursts of flatulence and the incessant , so-five-minutes-ago pop music on the soundtrack overwhelm what is left of the scruffy , dopey old Hanna-Barbera charm ."
11127,2,1,Exploring value choices is a worthwhile topic for a film -- but here the choices are as contrived and artificial as Kerrigan 's platinum-blonde hair .
11130,1,2,All mood and no movie .
11131,0,1,Press the delete key .
11132,3,1,Simone is not a bad film .
11134,1,3,"Once he starts learning to compromise with reality enough to become comparatively sane and healthy , the film becomes predictably conventional ."
11135,2,0,... hopefully it 'll be at the dollar theatres by the time Christmas rolls around .
11136,1,2,Wait to see it then .
11139,0,1,"Lacks the spirit of the previous two , and makes all those jokes about hos and even more unmentionable subjects seem like mere splashing around in the muck ."
11140,0,3,"This hastily mounted production exists only to capitalize on Hopkins ' inclination to play Hannibal Lecter again , even though Harris has no immediate inclination to provide a fourth book ."
11142,1,2,Over and over again .
11144,1,4,"The film never gets over its own investment in conventional arrangements , in terms of love , age , gender , race , and class ."
11145,0,1,To call this film a lump of coal would only be to flatter it .
11146,2,1,Entertainment more disposable than Hanna-Barbera 's half-hour cartoons ever were .
11147,1,3,"The film falls short on tension , eloquence , spiritual challenge -- things that have made the original New Testament stories so compelling for 20 centuries ."
11148,3,1,"By the end of it all I sort of loved the people onscreen , even though I could not stand them ."
11149,2,1,Perhaps the film should be seen as a conversation starter .
11151,1,4,At best this is a film for the under-7 crowd .
11153,2,0,And a very rainy day .
11154,1,3,The whole talking-animal thing is grisly .
11156,2,1,Would n't it be funny if a bunch of Allied soldiers went undercover as women in a German factory during World War II ?
11159,2,1,"Has not so much been written as assembled , Frankenstein-like , out of other , marginally better shoot-em-ups ."
11161,2,1,But Death to Smoochy keeps firing until the bitter end .
11163,2,3,Showtime 's starry cast could be both an asset and a detriment .
11165,0,3,But ticket-buyers with great expectations will wind up as glum as Mr. De Niro .
11168,0,3,"Fails in making this character understandable , in getting under her skin , in exploring motivation ... Well before the end , the film grows as dull as its characters , about whose fate it is hard to care ."
11169,0,1,It 's a shame that the storyline and its underlying themes ... finally seem so impersonal or even shallow .
11170,1,2,"Woody , what happened ?"
11172,0,1,It 's supposed to be post-feminist breezy but ends up as tedious as the chatter of parrots raised on Oprah .
11176,2,1,Routine and rather silly .
11178,0,1,"Totally overwrought , deeply biased , and wholly designed to make you feel guilty about ignoring what the filmmakers clearly believe are The Greatest Musicians of All Time ."
11179,0,1,You can practically hear George Orwell turning over .
11180,1,3,"Behan 's memoir is great material for a film -- rowdy , brawny and lyrical in the best Irish sense -- but Sheridan has settled for a lugubrious romance ."
11181,2,3,"While Holm is terrific as both men and Hjejle quite appealing , the film fails to make the most out of the intriguing premise ."
11182,0,3,"Lazy filmmaking , with the director taking a hands-off approach when he should have shaped the story to show us why it 's compelling ."
11183,0,1,"If it were any more of a turkey , it would gobble in Dolby Digital stereo ."
11185,2,1,A movie that falls victim to frazzled wackiness and frayed satire .
11186,1,3,How do you make a movie with depth about a man who lacked any ?
11188,0,1,"The film 's trailer also looked like crap , so crap is what I was expecting ."
11190,0,3,"The movie is almost completely lacking in suspense , surprise and consistent emotional conviction ."
11191,0,2,Festers in just such a dungpile that you 'd swear you were watching monkeys flinging their feces at you .
11192,1,3,"Lyne 's latest , the erotic thriller Unfaithful , further demonstrates just how far his storytelling skills have eroded ."
11195,1,3,Report card : Does n't live up to the exalted tagline - there 's definite room for improvement .
11197,0,3,"The pacing is deadly , the narration helps little and Naipaul , a juicy writer , is negated ."
11198,2,3,"As his circle of friends keeps getting smaller one of the characters in Long Time Dead says ` I 'm telling you , this is f \*\*\* ed ' ."
11199,3,1,Maybe he was reading the minds of the audience .
11202,2,4,"A well-acted , but one-note film ."
11204,1,0,The movie is too amateurishly square to make the most of its own ironic implications .
11206,3,4,"And Lee seems just as expectant of an adoring , wide-smiling reception ."
11207,0,3,There 's not one decent performance from the cast and not one clever line of dialogue .
11208,0,1,"No amount of burning , blasting , stabbing , and shooting can hide a weak script ."
11209,1,3,"It 's an odd show , pregnant with moods , stillborn except as a harsh conceptual exercise ."
11211,2,3,The Armenian genocide deserves a more engaged and honest treatment .
11212,1,3,Earnest yet curiously tepid and choppy recycling in which predictability is the only winner .
11214,3,1,"The exploitative , clumsily staged violence overshadows everything , including most of the actors ."
11215,0,1,"We started to wonder if ... some unpaid intern had just typed ` Chris Rock , ' ` Anthony Hopkins ' and ` terrorists ' into some Univac-like script machine ."
11219,0,1,"When you find yourself rooting for the monsters in a horror movie , you know the picture is in trouble ."
11223,0,1,"But this new jangle of noise , mayhem and stupidity must be a serious contender for the title ."
11226,0,1,"Rollerball IS as bad as you think , and worse than you can imagine ."
11228,0,1,"We assume he had a bad run in the market or a costly divorce , because there is no earthly reason other than money why this distinguished actor would stoop so low ."
11232,2,1,Suffers from a decided lack of creative storytelling .
11233,1,2,"Violent , vulgar and forgettably entertaining ."
11235,0,1,"With a completely predictable plot , you 'll swear that you 've seen it all before , even if you 've never come within a mile of The Longest Yard ."
11237,2,1,When the twist endings were actually surprising ?
11238,2,1,When the violence actually shocked ?
11239,2,1,When the heroes were actually under 40 ?
11242,0,3,This movie plays like an extended dialogue exercise in Retard 101 .
11243,0,1,What we get in FearDotCom is more like something from a bad Clive Barker movie .
11244,0,1,"In other words , it 's badder than bad ."
11245,1,3,"If they broke out into elaborate choreography , singing and finger snapping it might have held my attention , but as it stands I kept looking for the last exit from Brooklyn ."
11248,1,2,Where the film falters is in its tone .
11250,1,3,"Ultimately , Sarah 's dedication to finding her husband seems more psychotic than romantic , and nothing in the movie makes a convincing case that one woman 's broken heart outweighs all the loss we witness ."
11251,2,3,"It 's supposed to be a humorous , all-too-human look at how hope can breed a certain kind of madness -- and strength -- but it never quite adds up ."
11252,0,1,Feels more like a rejected X-Files episode than a credible account of a puzzling real-life happening .
11253,2,3,Some motion pictures portray ultimate passion ; others create ultimate thrills .
11254,0,1,Men in Black II achieves ultimate insignificance -- it 's the sci-fi comedy spectacle as Whiffle-Ball epic .
11255,2,3,"An enigmatic film that 's too clever for its own good , it 's a conundrum not worth solving ."
11256,0,1,"A zombie movie in every sense of the word -- mindless , lifeless , meandering , loud , painful , obnoxious ."
11257,2,3,A film that clearly means to preach exclusively to the converted .
11258,0,1,"It does n't take a rocket scientist to figure out that this is a Mormon family movie , and a sappy , preachy one at that ."
11264,1,2,Nothing but an episode of Smackdown !
11265,2,1,in period costume and with a bigger budget .
11267,0,3,"While the story is better-focused than the incomprehensible Anne Rice novel it 's based upon , Queen Of The Damned is a pointless , meandering celebration of the goth-vampire , tortured woe-is-me lifestyle ."
11268,1,3,"It should be interesting , it should be poignant , it turns out to be affected and boring ."
11269,2,1,A good-looking but ultimately pointless political thriller with plenty of action and almost no substance .
11270,0,1,"A tired , predictable , bordering on offensive , waste of time , money and celluloid ."
11272,0,1,"Stealing Harvard will dip into your wallet , swipe 90 minutes of your time , and offer you precisely this in recompense : A few early laughs scattered around a plot as thin as it is repetitious ."
11273,1,0,This is an insultingly inept and artificial examination of grief and its impacts upon the relationships of the survivors .
11274,2,1,Does anyone much think the central story of Brendan Behan is that he was a bisexual sweetheart before he took to drink ?
11275,0,3,"` Martin Lawrence Live ' is so self-pitying , I almost expected there to be a collection taken for the comedian at the end of the show ."
11277,1,3,"Never decides whether it wants to be a black comedy , drama , melodrama or some combination of the three ."
11279,2,1,Does what should seem impossible : it makes serial killer Jeffrey Dahmer boring .
11280,2,1,Do n't hate El Crimen del Padre Amaro because it 's anti-Catholic .
11281,0,1,Hate it because it 's lousy .
11283,0,3,"Like a bad improvisation exercise , the superficially written characters ramble on tediously about their lives , loves and the art they 're struggling to create ."
11285,3,1,Competently directed but terminally cute drama .
11287,1,0,Not just unlikable .
11289,0,1,Disgusting .
11292,3,1,Those eternally devoted to the insanity of Black will have an intermittently good time .
11293,0,1,Feel free to go get popcorn whenever he 's not onscreen .
11294,1,3,"The self-serious Equilibrium makes its point too well ; a movie , like life , is n't much fun without the highs and lows ."
11295,3,1,"The work of an exhausted , desiccated talent who ca n't get out of his own way ."
11296,0,3,"The main characters are simply named The Husband , The Wife and The Kidnapper , emphasizing the disappointingly generic nature of the entire effort ."
11298,0,1,"Swims in mediocrity , sticking its head up for a breath of fresh air now and then ."
11300,0,1,"The characters ... are paper-thin , and their personalities undergo radical changes when it suits the script ."
11301,2,1,A Sha-Na-Na sketch punctuated with graphic violence .
11304,0,2,- spy action flick with Antonio Banderas and Lucy Liu never comes together .
11305,0,4,"A so-so , made-for-TV something posing as a real movie ."
11306,2,1,"The only upside to all of this unpleasantness is , given its Labor Day weekend upload , FearDotCom should log a minimal number of hits ."
11307,1,3,"Whether this is art imitating life or life imitating art , it 's an unhappy situation all around ."
11308,1,3,An uneasy mix of run-of-the-mill raunchy humor and seemingly sincere personal reflection .
11312,0,1,"Time literally stops on a dime in the tries-so-hard-to-be-cool `` Clockstoppers , '' but that does n't mean it still wo n't feel like the longest 90 minutes of your movie-going life ."
11313,1,3,"The sort of picture in which , whenever one of the characters has some serious soul searching to do , they go to a picture-perfect beach during sunset ."
11314,2,4,"Aptly named , this shimmering , beautifully costumed and filmed production does n't work for me ."
11315,2,1,A preposterously melodramatic paean to gang-member teens in Brooklyn circa 1958 .
11318,2,3,An extraordinarily silly thriller .
11320,0,1,Gaping plot holes sink this ` sub ' - standard thriller and drag audience enthusiasm to crush depth .
11326,0,3,What a great shame that such a talented director as Chen Kaige has chosen to make his English-language debut with a film so poorly plotted and scripted .
11327,0,1,No amount of good intentions is able to overcome the triviality of the story .
11330,1,3,"... for all its social and political potential , State Property does n't end up being very inspiring or insightful ."
11332,1,3,"Little more than a stylish exercise in revisionism whose point ... is no doubt true , but serves as a rather thin moral to such a knowing fable ."
11333,0,1,"The nonstop artifice ultimately proves tiresome , with the surface histrionics failing to compensate for the paper-thin characterizations and facile situations ."
11334,1,0,"This is a monumental achievement in practically every facet of inept filmmaking : joyless , idiotic , annoying , heavy-handed , visually atrocious , and often downright creepy ."
11337,2,4,"Ensemble movies , like soap operas , depend on empathy ."
11338,2,1,"If there ai n't none , you have a problem ."
11340,2,1,Yet another self-consciously overwritten story about a rag-tag bunch of would-be characters that team up for a ca n't - miss heist -- only to have it all go wrong .
11341,0,1,Koepp 's screenplay is n't nearly surprising or clever enough to sustain a reasonable degree of suspense on its own .
11342,1,3,Is it really an advantage to invest such subtlety and warmth in an animatronic bear when the humans are acting like puppets ?
11343,1,3,"More successful at relating history than in creating an emotionally complex , dramatically satisfying heroine"
11344,0,1,"Clumsy , obvious , preposterous , the movie will likely set the cause of woman warriors back decades ."
11346,0,1,"Rather , pity anyone who sees this mishmash ."
11347,0,1,"A banal , virulently unpleasant excuse for a romantic comedy ."
11348,1,3,The drama discloses almost nothing .
11349,1,2,A minor-league soccer remake of The Longest Yard .
11350,1,4,"Belongs in the too-hot-for-TV direct-to-video\/DVD category , and this is why I have given it a one-star rating ."
11351,1,3,"As earnest as a community-college advertisement , American Chai is enough to make you put away the guitar , sell the amp , and apply to medical school ."
11352,0,1,"A dim-witted and lazy spin-off of the Animal Planet documentary series , Crocodile Hunter is entertainment opportunism at its most glaring ."
11353,2,1,There is more than one joke about putting the toilet seat down .
11354,2,1,And that should tell you everything you need to know about All the Queen 's Men .
11356,2,3,"It 's really just another silly Hollywood action film , one among a multitude of simple-minded , yahoo-ing death shows ."
11357,2,3,"It 's not a particularly good film , but neither is it a monsterous one ."
11358,4,3,The world needs more filmmakers with passionate enthusiasms like Martin Scorsese .
11359,2,1,But it does n't need Gangs of New York .
11360,2,3,"Enchanted with low-life tragedy and liberally seasoned with emotional outbursts ... What is sorely missing , however , is the edge of wild , lunatic invention that we associate with Cage 's best acting ."
11361,2,1,"Harry Potter and the Chamber of Secrets is deja vu all over again , and while that is a cliche , nothing could be more appropriate ."
11362,2,1,It 's likely that whatever you thought of the first production -- pro or con -- you 'll likely think of this one .
11363,0,1,Sade achieves the near-impossible : It turns the Marquis de Sade into a dullard .
11367,0,3,"Unfortunately , the experience of actually watching the movie is less compelling than the circumstances of its making ."
11368,1,3,"Unless there are zoning ordinances to protect your community from the dullest science fiction , Impostor is opening today at a theater near you ."
11369,0,1,"It should be doing a lot of things , but does n't ."
11370,1,3,"Chen films the resolutely downbeat Smokers Only with every indulgent , indie trick in the book ."
11371,1,2,... a rather bland affair .
11372,2,1,"Far-fetched premise , convoluted plot , and thematic mumbo jumbo about destiny and redemptive love ."
11373,2,3,"The movie tries to be ethereal , but ends up seeming goofy ."
11374,2,3,"I was hoping that it would be sleazy and fun , but it was neither ."
11375,2,1,"Harris is supposed to be the star of the story , but comes across as pretty dull and wooden ."
11376,0,3,"Soulless and -- even more damning -- virtually joyless , XXX achieves near virtuosity in its crapulence ."
11378,0,1,"All the Queen 's Men is a throwback war movie that fails on so many levels , it should pay reparations to viewers ."
11384,0,1,"If you go , pack your knitting needles ."
11385,0,4,The lead actors share no chemistry or engaging charisma .
11387,0,1,"Some writer dude , I think his name was , uh , Michael Zaidan , was supposed to have like written the screenplay or something , but , dude , the only thing that I ever saw that was written down were the zeroes on my paycheck ."
11389,0,1,"It is dark , brooding and slow , and takes its central idea way too seriously ."
11392,1,3,"It feels like very light Errol Morris , focusing on eccentricity but failing , ultimately , to make something bigger out of its scrapbook of oddballs ."
11393,0,3,A period story about a Catholic boy who tries to help a Jewish friend get into heaven by sending the audience straight to hell .
11394,0,1,The premise itself is just SOOOOO tired .
11395,0,1,Pair that with really poor comedic writing ... and you 've got a huge mess .
11396,1,3,"Proves a lovely trifle that , unfortunately , is a little too in love with its own cuteness ."
11397,1,2,Did we really need a remake of `` Charade ? ''
11398,2,1,"Some movies can get by without being funny simply by structuring the scenes as if they were jokes : a setup , delivery and payoff ."
11400,0,1,Each scene immediately succumbs to gravity and plummets to earth .
11403,1,3,I spied with my little eye ... a mediocre collection of cookie-cutter action scenes and occasionally inspired dialogue bits
11405,1,4,The satire is just too easy to be genuinely satisfying .
11406,0,3,Less funny than it should be and less funny than it thinks it is .
11407,2,1,"an `` O Bruin , Where Art Thou ? ''"
11410,0,1,An awful movie that will only satisfy the most emotionally malleable of filmgoers .
11411,0,1,"... the story is far-flung , illogical , and plain stupid ."
11412,0,1,The very simple story seems too simple and the working out of the plot almost arbitrary .
11413,1,3,"An allegory concerning the chronically mixed signals African American professionals get about overachieving could be intriguing , but the supernatural trappings only obscure the message ."
11414,2,3,"A very familiar tale , one that 's been told by countless filmmakers about Italian - , Chinese - , Irish - , Latin - , Indian - , Russian - and other hyphenate American young men struggling to balance conflicting cultural messages ."
11416,2,3,"Essentially , the film is weak on detail and strong on personality"
11419,1,3,"Too long , and larded with exposition , this somber cop drama ultimately feels as flat as the scruffy sands of its titular community ."
11421,2,3,"... a ho-hum affair , always watchable yet hardly memorable ."
11422,0,1,Swiftly deteriorates into a terribly obvious melodrama and rough-hewn vanity project for lead actress Andie MacDowell .
11423,1,3,"The histrionic muse still eludes Madonna and , playing a charmless witch , she is merely a charmless witch ."
11424,0,3,You have no affinity for most of the characters .
11425,1,3,Nothing about them is attractive .
11428,2,1,A technically well-made suspenser ... but its abrupt drop in IQ points as it races to the finish line proves simply too discouraging to let slide .
11429,0,1,"An inept , tedious spoof of '70s kung fu pictures , it contains almost enough chuckles for a three-minute sketch , and no more ."
11432,2,1,Eckstraordinarily lame and Severely boring .
11434,1,3,"No matter how much he runs around and acts like a doofus , accepting a 50-year-old in the role is creepy in a Michael Jackson sort of way ."
11435,0,1,You 'll just have your head in your hands wondering why Lee 's character did n't just go to a bank manager and save everyone the misery .
11437,2,1,"In his determination to lighten the heavy subject matter , Silberling also , to a certain extent , trivializes the movie with too many nervous gags and pratfalls ."
11438,2,1,"Blade II has a brilliant director and charismatic star , but it suffers from rampant vampire devaluation ."
11439,2,1,Veers uncomfortably close to pro-Serb propaganda .
11440,0,3,Movies like High Crimes flog the dead horse of surprise as if it were an obligation .
11441,0,1,How about surprising us by trying something new ?
11442,0,2,Final verdict : You 've seen it all before .
11445,0,3,"Further sad evidence that Tom Tykwer , director of the resonant and sense-spinning Run Lola Run , has turned out to be a one-trick pony -- a maker of softheaded metaphysical claptrap ."
11446,0,1,You 'll trudge out of the theater feeling as though you rode the Zipper after eating a corn dog and an extra-large cotton candy .
11447,2,3,The movie is a little tired ; maybe the original inspiration has run its course .
11448,2,3,This will go on so long as there are moviegoers anxious to see strange young guys doing strange guy things .
11449,0,4,A full-frontal attack on audience patience .
11450,2,1,"Any intellectual arguments being made about the nature of God are framed in a drama so clumsy , there is a real danger less sophisticated audiences will mistake it for an endorsement of the very things that Bean abhors ."
11453,2,1,One gets the impression the creators of Do n't Ask Do n't Tell laughed a hell of a lot at their own jokes .
11454,0,1,Too bad none of it is funny .
11455,2,3,"The cast has a high time , but de Broca has little enthusiasm for such antique pulp ."
11456,1,3,"The film , like Jimmy 's routines , could use a few good laughs ."
11457,2,1,"The film has too many spots where it 's on slippery footing , but is acceptable entertainment for the entire family and one that 's especially fit for the kiddies ."
11458,1,3,Purports to be a Hollywood satire but winds up as the kind of film that should be the target of something deeper and more engaging .
11459,3,4,"Oh , and more entertaining , too ."
11460,0,1,... in the pile of useless actioners from MTV schmucks who do n't know how to tell a story for more than four minutes .
11461,2,3,"Though it was made with careful attention to detail and is well-acted by James Spader and Maggie Gyllenhaal , I felt disrespected ."
11464,2,1,"Skillful as he is , Mr. Shyamalan is undone by his pretensions ."
11465,2,1,"While the new film is much more eye-catching than its blood-drenched Stephen Norrington-directed predecessor , the new script by the returning David S. Goyer is much sillier ."
11466,0,3,"In addition to sporting one of the worst titles in recent cinematic history , Ballistic : Ecks Vs. Sever also features terrible , banal dialogue ; convenient , hole-ridden plotting ; superficial characters and a rather dull , unimaginative car chase ."
11467,2,1,"It shares the first two films ' loose-jointed structure , but laugh-out-loud bits are few and far between ."
11468,2,1,"The Santa Clause 2 is a barely adequate babysitter for older kids , but I 've got to give it thumbs down ."
11469,0,1,You can not guess why the cast and crew did n't sign a pact to burn the negative and the script and pretend the whole thing never existed .
11471,2,3,"If you 're really renting this you 're not interested in discretion in your entertainment choices , you 're interested in Anne Geddes , John Grisham , and Thomas Kincaid ."
11472,1,2,We get the comedy we settle for .
11473,1,3,The uneven movie does have its charms and its funny moments but not quite enough of them .
11474,2,1,Two hours of sepia-tinted heavy metal images and surround sound effects of people moaning .
11475,0,1,A word of advice to the makers of The Singles Ward : Celebrity cameos do not automatically equal laughs .
11478,1,3,Its appeal will probably limited to LDS Church members and undemanding armchair tourists .
11479,1,0,The Hanukkah spirit seems fried in pork .
11481,0,1,"Manipulative claptrap , a period-piece movie-of-the-week , plain old blarney ... take your pick ."
11482,1,3,"All three descriptions suit Evelyn , a besotted and obvious drama that tells us nothing new ."
11484,2,1,"is now stretched to barely feature length , with a little more attention paid to the animation ."
11487,0,1,Does n't come close to justifying the hype that surrounded its debut at the Sundance Film Festival two years ago .
11488,0,1,The plot is paper-thin and the characters are n't interesting enough to watch them go about their daily activities for two whole hours .
11490,2,1,"The film did n't move me one way or the other , but it was an honest effort and if you want to see a flick about telemarketers this one will due ."
11494,0,3,"... Blade II is still top-heavy with blazing guns , cheatfully filmed martial arts , disintegrating bloodsucker computer effects and jagged camera moves that serve no other purpose than to call attention to themselves ."
11496,1,3,"Though there are many tense scenes in Trapped , they prove more distressing than suspenseful ."
11497,2,4,"In this film we at least see a study in contrasts ; the wide range of one actor , and the limited range of a comedian ."
11498,0,3,Feels strangely hollow at its emotional core .
11499,2,3,"You have once again entered the bizarre realm where director Adrian Lyne holds sway , where all relationships are simultaneously broadly metaphorical , oddly abstract , and excruciatingly literal ."
11501,1,3,This director 's cut -- which adds 51 minutes -- takes a great film and turns it into a mundane soap opera .
11502,0,3,Characterisation has been sacrificed for the sake of spectacle .
11504,1,2,"That 's muy loco , but no more ridiculous than most of the rest of `` Dragonfly . ''"
11506,0,1,"If that does n't clue you in that something 's horribly wrong , nothing will ."
11508,0,1,"It 's difficult to imagine that a more confused , less interesting and more sloppily made film could possibly come down the road in 2002 ."
11509,0,3,"Like the Tuck family themselves , this movie just goes on and on and on and on"
11510,0,1,As pedestrian as they come .
11512,0,1,"It 's a feel-bad ending for a depressing story that throws a bunch of hot-button items in the viewer 's face and asks to be seen as hip , winking social commentary ."
11513,2,3,"Put it somewhere between Sling Blade and South of Heaven , West of Hell in the pantheon of Billy Bob 's body of work ."
11518,1,3,"You come away thinking not only that Kate is n't very bright , but that she has n't been worth caring about and that maybe she , Janine and Molly -- an all-woman dysfunctional family -- deserve one another ."
11520,0,3,"Very much a home video , and so devoid of artifice and purpose that it appears not to have been edited at all ."
11522,0,1,The attempt to build up a pressure cooker of horrified awe emerges from the simple fact that the movie has virtually nothing to show .
11523,1,3,"It 's provocative stuff , but the speculative effort is hampered by Taylor 's cartoonish performance and the film 's ill-considered notion that Hitler 's destiny was shaped by the most random of chances ."
11524,0,1,"A cellophane-pop remake of the punk classic Ladies and Gentlemen , The Fabulous Stains ... Crossroads is never much worse than bland or better than inconsequential ."
11525,2,0,"Muddled , trashy and incompetent"
11526,1,3,"For this sort of thing to work , we need agile performers , but the proficient , dull Sorvino has no light touch , and Rodan is out of his league ."
11527,1,3,Narc is all menace and atmosphere .
11528,2,1,"Though excessively tiresome , The Uncertainty Principle , as verbally pretentious as the title may be , has its handful of redeeming features , as long as you discount its ability to bore ."
11529,1,3,"Despite Juliet Stevenon 's attempt to bring cohesion to Pamela 's emotional roller coaster life , it is not enough to give the film the substance it so desperately needs ."
11530,0,1,It 's tough to be startled when you 're almost dozing .
11532,1,3,It 's so downbeat and nearly humorless that it becomes a chore to sit through -- despite some first-rate performances by its lead .
11533,0,1,A terrible movie that some people will nevertheless find moving .
11534,0,1,There are many definitions of ` time waster ' but this movie must surely be one of them .
11536,2,3,The thing looks like a made-for-home-video quickie .
11537,1,3,"Enigma is well-made , but it 's just too dry and too placid ."
11540,3,1,The Dangerous Lives of Altar Boys ' take on adolescence feels painfully true .
11541,4,3,It 's a masterpiece .
11544,3,2,And we do n't avert our eyes for a moment .
11546,4,3,"Third time 's the charm ... yeah , baby !"
11547,2,3,"A pleasant , if forgettable , romp of a film ."
11550,3,1,` Stock up on silver bullets for director Neil Marshall 's intense freight train of a film . '
11552,3,1,"As a film director , LaBute continues to improve ."
11553,4,3,Will warm your heart without making you feel guilty about it .
11554,3,4,Catch it ... if you can !
11556,1,3,"American and European cinema has amassed a vast Holocaust literature , but it is impossible to think of any film more challenging or depressing than The Grey Zone ."
11558,4,3,"It 's the kind of movie that , aside from Robert Altman , Spike Lee , the Coen Brothers and a few others , our moviemakers do n't make often enough ."
11560,3,1,"The script is smart , not cloying ."
11562,4,3,"A bittersweet contemporary comedy about benevolent deception , which , while it may not rival the filmmaker 's period pieces , is still very much worth seeing ."
11564,3,2,An ambitious ` what if ? '
11566,3,1,"`` The Dangerous Lives of Altar Boys '' has flaws , but it also has humor and heart and very talented young actors"
11568,3,1,` Stock up on silver bullets for director Neil Marshall 's intense freight train of a film . '
11569,3,2,"It 's funny , as the old saying goes , because it 's true ."
11571,2,3,The filmmaker 's heart is in the right place ...
11572,3,1,From blushing to gushing -- Imamura squirts the screen in ` Warm Water Under a Red Bridge '
11573,4,3,"Apart from anything else , this is one of the best-sustained ideas I have ever seen on the screen ."
11574,3,1,"Not a schlocky creature feature but something far more stylish and cerebral -- and , hence , more chillingly effective ."
11575,0,1,"Stupid , infantile , redundant , sloppy , over-the-top , and amateurish ."
11576,2,1,"Yep , it 's `` Waking up in Reno . ''"
11579,1,2,I did n't smile .
11584,1,4,Eisenstein lacks considerable brio for a film about one of cinema 's directorial giants .
11586,1,2,This is no `` Waterboy ! ''
11587,1,3,Something has been lost in the translation ... another routine Hollywood frightfest in which the slack execution italicizes the absurdity of the premise .
11589,0,1,"... a movie that , quite simply , should n't have been made ."
11591,0,2,I ca n't recommend it .
11592,3,2,But it 's surprisingly harmless .
11593,3,2,What 's next ?
11594,2,1,The Porky 's Revenge : Ultimate Edition ?
11596,2,1,"There 's no real reason to see it , and no real reason not to ."
11598,1,2,Absolutely not .
11601,2,1,Please see previous answer .
11602,2,1,It 's exactly what you 'd expect .
11603,2,3,"`` The Kid Stays in the Picture '' is a great story , terrifically told by the man who wrote it but this Cliff Notes edition is a cheat ."
11605,2,1,The movie is obviously a labour of love so Howard appears to have had free rein to be as pretentious as he wanted .
11607,0,1,"What we have is a character faced with the possibility that her life is meaningless , vapid and devoid of substance , in a movie that is definitely meaningless , vapid and devoid of substance ."
11609,1,0,The script ?
11611,0,1,Does n't add up to much .
11614,0,3,"Long before it 's over , you 'll be thinking of 51 ways to leave this loser ."
11618,4,1,Spiderman ROCKS
11621,3,4,Thoroughly enjoyable .
11622,4,3,"-LRB- A -RRB- rare , beautiful film ."
11623,3,2,Family fare .
11628,4,3,Compellingly watchable .
11629,3,2,Troubling and powerful .
11630,3,1,Often hilarious .
11632,3,1,Never once predictable .
11633,4,3,"An uplifting , near-masterpiece ."
11634,3,4,Warm and exotic .
11635,4,3,... a true delight .
11636,3,4,A true pleasure .
11637,3,1,"Polished , well-structured film ."
11638,4,3,Sexy and romantic .
11639,3,1,Psychologically savvy .
11640,4,2,delightfully rendered
11641,4,3,Fun and nimble .
11644,3,1,It strikes hardest ... when it reminds you how pertinent its dynamics remain .
11646,4,1,One-of-a-kind near-masterpiece .
11648,4,2,Highly engaging .
11650,4,2,A gripping drama .
11652,4,3,Smart and taut .
11653,4,1,Highly watchable stuff .
11657,2,1,Spare yet audacious ...
11658,3,2,Surprisingly insightful
11660,4,1,"Reassuring , retro uplifter ."
11661,4,3,Visually captivating .
11662,2,0,"Lavishly , exhilaratingly tasteless ."
11666,4,2,Refreshing .
11669,4,2,See it .
11671,3,2,Remember it .
11672,4,2,Morvern rocks .
11673,4,3,Intelligent and moving .
11674,3,1,Genuinely unnerving .
11676,3,1,Deliciously slow .
11679,3,4,A good thriller .
11680,2,1,A glorious mess .
11681,3,2,Neatly constructed thriller .
11682,3,4,Intimate and panoramic .
11691,3,1,Good-naturedly cornball sequel .
11693,2,1,Witless but watchable .
11694,4,3,"Mr. Deeds is sure to give you a lot of laughs in this simple , sweet and romantic comedy ."
11695,3,1,Hard to resist .
11696,4,3,A true-blue delight .
11698,1,2,Weird .
11699,3,1,Rewarding .
11702,4,1,A thought-provoking picture .
11704,1,3,Almost peerlessly unsettling .
11705,4,3,Delirious fun .
11706,4,3,Exciting and well-paced .
11707,4,3,Really quite funny .
11708,4,1,A well-executed spy-thriller .
11710,3,4,A funny film .
11714,2,3,Feels untidily honest .
11715,3,1,`` Red Dragon '' never cuts corners .
11716,3,1,Full of surprises .
11717,3,2,Quietly engaging .
11718,3,4,"Dense , exhilarating documentary ."
11719,4,2,a joyous occasion
11722,4,3,Great character interaction .
11723,4,3,Intriguing and stylish .
11724,3,4,Many insightful moments .
11725,1,2,Everything is off .
11726,2,1,Earnest but heavy-handed .
11727,1,0,One lousy movie .
11728,0,1,... hypnotically dull .
11729,2,1,Calculated swill .
11734,1,3,Aan opportunity wasted .
11737,0,4,Bad movie .
11741,0,2,Execrable .
11742,3,1,Amazingly dopey .
11743,0,1,Banal and predictable .
11745,0,1,Brisk hack job .
11747,0,1,... bibbidy-bobbidi-bland .
11752,2,4,So-so entertainment .
11759,0,1,Cinematic poo .
11760,1,0,... stale and uninspired .
11762,0,1,Pompous and garbled .
11763,0,1,Utter mush ... conceited pap .
11764,2,1,Well-meaning but inert .
11765,0,1,... overly melodramatic ...
11768,0,3,"Sluggish , tonally uneven ."
11769,0,1,Generic thriller junk .
11770,2,0,Teens only .
11771,1,3,A non-mystery mystery .
11773,1,2,A noble failure .
11775,0,1,... irritating soul-searching garbage .
11776,0,1,A relative letdown .
11778,2,3,A puzzling experience .
11780,0,1,Aggravating and tedious .
11781,1,3,Lacks depth .
11782,0,1,under-rehearsed and lifeless
11787,2,0,Just plain silly .
11789,2,1,... salaciously simplistic .
11791,0,4,A less-than-thrilling thriller .
11794,2,1,Eh .
11795,0,2,Black-and-white and unrealistic .
11799,1,0,"Anemic , pretentious ."
11801,2,1,It bites hard .
11803,0,3,Dramatically lackluster .
11804,0,1,Stay away .
11805,2,1,Far away .
11807,0,1,Predictably soulless techno-tripe .
11809,1,2,Incoherence reigns .
11810,0,1,A half-assed film .
11812,0,1,... unbearably lame .
11814,2,3,Dense and enigmatic ... elusive ... stagy and stilted
11816,2,1,A dreary indulgence .
11819,0,1,A major waste ... generic .
11820,1,0,... a confusing drudgery .
11822,0,1,Boring and meandering .
11824,0,1,A lame comedy .
11826,2,3,Mildly amusing .
11827,1,2,Fairly run-of-the-mill .
11828,2,4,Mildly entertaining .
11829,0,1,Terrible .
11832,0,2,Crummy .
11833,1,3,An opportunity missed .
11836,1,3,Insufferably naive .
11838,0,1,Amazingly lame .
11841,0,1,... really horrible drek .
11843,1,4,"Flat , misguided comedy ."
11845,0,1,Rashomon-for-dipsticks tale .
11848,0,1,Staggeringly dreadful romance .
11849,3,1,Well-made but mush-hearted .
11850,0,1,A real snooze .
11852,3,1,"We 've seen the hippie-turned-yuppie plot before , but there 's an enthusiastic charm in Fire that makes the formula fresh again ."
11853,0,1,"Her fans walked out muttering words like `` horrible '' and `` terrible , '' but had so much fun dissing the film that they did n't mind the ticket cost ."
